<?xml version="1.0" encoding="UTF-8"?>
<!DOCTYPE hibernate-mapping PUBLIC "-//Hibernate/Hibernate Mapping DTD 3.0//EN" "http://hibernate.sourceforge.net/hibernate-mapping-3.0.dtd">
<hibernate-mapping>
  <class name="com.vaannila.student.Student" table="STUDENT">
     <id name="studentId" column="STUDENT_ID" type="long">
   </id>
 <property name="studentName" column="STUDENT_NAME" type="string" not-null="true" length="10" />
 <component name="studentAddress" class="com.vaannila.student.Address">
     <property name="street" column="ADDRESS_STREET" type="string" length="10" />
     <property name="city" column="ADDRESS_CITY" type="string" length="10" />
     <property name="state" column="ADDRESS_STATE" type="string" length="10" />
     <property name="zipcode" column="ADDRESS_ZIPCODE" type="string" length="10" />
</component>
</class>
</hibernate-mapping>
